kmeans.re1$cluster,avg_EXT,avg_EST,avg_AGR,avg_CSN,avg_OPN
1,72,71,92,64,78.5
2,60.5,29,64,78,58
3,67,63.666666666666664,63.666666666666664,54.333333333333336,58
4,71.14285714285714,41.42857142857143,83.14285714285714,77.71428571428571,74
5,49.27272727272727,60.54545454545455,75.0909090909091,76.54545454545455,64.18181818181819
